NOTE:  BE ADVISED THAT THE DATA IN THIS FILE ARE COMPRISED OF BOTH DATA AND DERIVED ESTIMATES.,,,,,,,,,
"1.  To view the survey form and/or instructions, go to: http://www.eia.gov/survey/#eia-912",,,,,,,,,
"2.  Official data for the five-region structure were introduced for week ending November 6, 2015.  The data for weeks January 1, 2010 through June 12, 2015 are estimates derived by reallocating previously submitted respondent-level data and previous estimates for nonsampled respondents.  These data are identified as 'Derived EIA Weekly Estmates' in the column labeled 'Source'.  The data for weeks beginning June 19, 2015 are the product of the EIA weekly survey, EIA-912, 'Weekly Underground Natural Gas Storage Report'.  These data are identified as 'EIA-912' in the column labeled 'Source'.",,,,,,,,,
3.  Historical archive of storage data for previous three region structure:  http://ir.eia.gov/ngs/notes.html. ,,,,,,,,,
4.  Revision data history:  http://ir.eia.gov/ngs/revisions.xls.,,,,,,,,,
"LATEST ESTIMATES (Bcf) AS OF JANUARY 8, 2026",,,,,,,,,
Week ending,Source,East Region,Midwest Region,Mountain Region,Pacific Region,South Central Region,Salt,NonSalt,Total Lower 48
01-Jan-10,Derived EIA Weekly Estimates,769,900,195,268,985,159,826,"3,117"
08-Jan-10,Derived EIA Weekly Estimates,703,820,185,257,886,123,763,"2,850"
15-Jan-10,Derived EIA Weekly Estimates,642,750,176,246,793,91,702,"2,607"
22-Jan-10,Derived EIA Weekly Estimates,616,710,171,235,789,102,687,"2,521"
29-Jan-10,Derived EIA Weekly Estimates,582,661,164,221,779,108,671,"2,406"
05-Feb-10,Derived EIA Weekly Estimates,523,604,157,211,719,95,624,"2,214"
12-Feb-10,Derived EIA Weekly Estimates,471,552,148,197,658,85,573,"2,026"
19-Feb-10,Derived EIA Weekly Estimates,425,502,141,193,592,71,521,"1,853"
26-Feb-10,Derived EIA Weekly Estimates,390,464,133,184,566,70,496,"1,738"
05-Mar-10,Derived EIA Weekly Estimates,349,433,129,182,535,63,472,"1,627"
12-Mar-10,Derived EIA Weekly Estimates,341,422,127,176,548,71,477,"1,614"
19-Mar-10,Derived EIA Weekly Estimates,334,419,126,179,567,80,487,"1,626"
26-Mar-10,Derived EIA Weekly Estimates,336,410,126,185,581,89,492,"1,638"
02-Apr-10,Derived EIA Weekly Estimates,333,410,126,189,612,101,511,"1,670"
09-Apr-10,Derived EIA Weekly Estimates,358,429,126,193,649,112,537,"1,754"
16-Apr-10,Derived EIA Weekly Estimates,376,444,129,199,679,120,559,"1,828"
23-Apr-10,Derived EIA Weekly Estimates,397,462,134,209,710,126,584,"1,912"
30-Apr-10,Derived EIA Weekly Estimates,416,480,138,220,741,133,608,"1,994"
07-May-10,Derived EIA Weekly Estimates,444,506,142,230,770,138,632,"2,091"
14-May-10,Derived EIA Weekly Estimates,463,520,147,241,794,144,650,"2,165"
21-May-10,Derived EIA Weekly Estimates,491,546,154,253,824,149,675,"2,268"
28-May-10,Derived EIA Weekly Estimates,518,567,161,265,846,151,695,"2,357"
04-Jun-10,Derived EIA Weekly Estimates,545,593,165,279,874,158,716,"2,456"
11-Jun-10,Derived EIA Weekly Estimates,571,619,168,288,895,160,735,"2,542"
18-Jun-10,Derived EIA Weekly Estimates,596,645,173,299,912,161,751,"2,625"
25-Jun-10,Derived EIA Weekly Estimates,615,666,178,305,920,158,762,"2,684"
02-Jul-10,Derived EIA Weekly Estimates,638,691,182,311,938,160,778,"2,761"
09-Jul-10,Derived EIA Weekly Estimates,659,715,188,318,962,168,794,"2,841"
16-Jul-10,Derived EIA Weekly Estimates,681,735,192,317,968,163,805,"2,893"
23-Jul-10,Derived EIA Weekly Estimates,698,751,195,314,962,157,805,"2,919"
30-Jul-10,Derived EIA Weekly Estimates,716,766,197,313,955,148,807,"2,947"
06-Aug-10,Derived EIA Weekly Estimates,737,788,199,314,946,144,802,"2,984"
13-Aug-10,Derived EIA Weekly Estimates,758,808,202,314,930,136,794,"3,013"
20-Aug-10,Derived EIA Weekly Estimates,781,833,205,309,925,131,794,"3,054"
27-Aug-10,Derived EIA Weekly Estimates,805,861,209,301,930,133,797,"3,105"
03-Sep-10,Derived EIA Weekly Estimates,814,886,212,303,948,136,812,"3,163"
10-Sep-10,Derived EIA Weekly Estimates,835,919,221,307,984,150,834,"3,267"
17-Sep-10,Derived EIA Weekly Estimates,856,951,223,307,"1,005",150,855,"3,341"
24-Sep-10,Derived EIA Weekly Estimates,876,979,227,309,"1,024",153,871,"3,415"
01-Oct-10,Derived EIA Weekly Estimates,896,"1,011",230,307,"1,055",162,893,"3,499"
08-Oct-10,Derived EIA Weekly Estimates,912,"1,039",232,313,"1,095",168,927,"3,590"
15-Oct-10,Derived EIA Weekly Estimates,930,"1,071",233,317,"1,132",182,950,"3,683"
22-Oct-10,Derived EIA Weekly Estimates,940,"1,096",236,321,"1,162",189,973,"3,754"
29-Oct-10,Derived EIA Weekly Estimates,955,"1,120",235,323,"1,188",193,995,"3,821"
05-Nov-10,Derived EIA Weekly Estimates,950,"1,124",236,327,"1,203",199,"1,004","3,840"
12-Nov-10,Derived EIA Weekly Estimates,940,"1,126",236,326,"1,206",207,999,"3,834"
19-Nov-10,Derived EIA Weekly Estimates,940,"1,115",234,329,"1,210",211,999,"3,828"
26-Nov-10,Derived EIA Weekly Estimates,940,"1,100",227,313,"1,224",218,"1,006","3,805"
03-Dec-10,Derived EIA Weekly Estimates,918,"1,071",222,298,"1,208",215,993,"3,717"
10-Dec-10,Derived EIA Weekly Estimates,862,"1,017",216,293,"1,165",205,960,"3,553"
17-Dec-10,Derived EIA Weekly Estimates,807,956,209,289,"1,108",186,922,"3,369"
24-Dec-10,Derived EIA Weekly Estimates,756,904,201,284,"1,087",182,905,"3,232"
31-Dec-10,Derived EIA Weekly Estimates,715,866,192,275,"1,050",175,875,"3,097"
07-Jan-11,Derived EIA Weekly Estimates,684,817,181,248,"1,030",183,847,"2,960"
14-Jan-11,Derived EIA Weekly Estimates,622,753,172,229,939,158,781,"2,716"
21-Jan-11,Derived EIA Weekly Estimates,577,696,164,221,885,153,732,"2,543"
28-Jan-11,Derived EIA Weekly Estimates,519,639,156,211,830,142,688,"2,355"
04-Feb-11,Derived EIA Weekly Estimates,470,578,145,187,763,123,640,"2,144"
11-Feb-11,Derived EIA Weekly Estimates,421,510,137,171,672,90,582,"1,910"
18-Feb-11,Derived EIA Weekly Estimates,392,482,132,162,662,90,572,"1,831"
25-Feb-11,Derived EIA Weekly Estimates,359,445,124,147,671,100,571,"1,745"
04-Mar-11,Derived EIA Weekly Estimates,330,412,118,136,676,106,570,"1,672"
11-Mar-11,Derived EIA Weekly Estimates,308,384,113,137,674,111,563,"1,616"
18-Mar-11,Derived EIA Weekly Estimates,296,373,112,141,688,121,567,"1,611"
25-Mar-11,Derived EIA Weekly Estimates,293,369,110,137,713,131,582,"1,622"
01-Apr-11,Derived EIA Weekly Estimates,265,346,110,142,716,138,578,"1,578"
08-Apr-11,Derived EIA Weekly Estimates,269,349,107,145,736,143,593,"1,606"
15-Apr-11,Derived EIA Weekly Estimates,284,362,106,148,753,143,610,"1,654"
22-Apr-11,Derived EIA Weekly Estimates,298,362,105,153,766,144,622,"1,685"
29-Apr-11,Derived EIA Weekly Estimates,321,380,105,161,789,149,640,"1,757"
06-May-11,Derived EIA Weekly Estimates,344,398,106,168,812,155,657,"1,827"
13-May-11,Derived EIA Weekly Estimates,375,423,108,177,837,161,676,"1,919"
20-May-11,Derived EIA Weekly Estimates,405,447,111,186,874,175,699,"2,023"
27-May-11,Derived EIA Weekly Estimates,434,469,115,197,892,177,715,"2,107"
03-Jun-11,Derived EIA Weekly Estimates,458,494,120,206,910,179,731,"2,188"
10-Jun-11,Derived EIA Weekly Estimates,483,517,125,217,916,180,736,"2,257"
17-Jun-11,Derived EIA Weekly Estimates,515,548,131,229,931,184,747,"2,354"
24-Jun-11,Derived EIA Weekly Estimates,542,576,136,237,941,182,759,"2,432"
01-Jul-11,Derived EIA Weekly Estimates,574,605,142,248,957,184,773,"2,526"
08-Jul-11,Derived EIA Weekly Estimates,602,635,148,254,972,185,787,"2,611"
15-Jul-11,Derived EIA Weekly Estimates,627,660,154,264,966,176,790,"2,671"
22-Jul-11,Derived EIA Weekly Estimates,646,681,158,271,958,167,791,"2,714"
29-Jul-11,Derived EIA Weekly Estimates,666,703,152,285,954,160,794,"2,759"
05-Aug-11,Derived EIA Weekly Estimates,683,724,155,288,933,151,782,"2,783"
12-Aug-11,Derived EIA Weekly Estimates,702,752,160,294,925,142,783,"2,833"
19-Aug-11,Derived EIA Weekly Estimates,729,784,164,298,932,143,789,"2,906"
26-Aug-11,Derived EIA Weekly Estimates,751,815,168,298,929,139,790,"2,960"
02-Sep-11,Derived EIA Weekly Estimates,776,848,171,298,932,139,793,"3,025"
09-Sep-11,Derived EIA Weekly Estimates,801,882,176,299,951,144,807,"3,110"
16-Sep-11,Derived EIA Weekly Estimates,825,916,180,305,975,153,822,"3,201"
23-Sep-11,Derived EIA Weekly Estimates,855,953,185,312,"1,007",166,841,"3,311"
30-Sep-11,Derived EIA Weekly Estimates,879,990,189,319,"1,031",170,861,"3,408"
07-Oct-11,Derived EIA Weekly Estimates,900,"1,023",194,330,"1,074",188,886,"3,521"
14-Oct-11,Derived EIA Weekly Estimates,922,"1,059",196,337,"1,111",206,905,"3,624"
21-Oct-11,Derived EIA Weekly Estimates,939,"1,086",198,342,"1,151",226,925,"3,717"
28-Oct-11,Derived EIA Weekly Estimates,947,"1,109",200,348,"1,189",244,945,"3,793"
04-Nov-11,Derived EIA Weekly Estimates,950,"1,122",201,353,"1,204",253,951,"3,830"
11-Nov-11,Derived EIA Weekly Estimates,955,"1,123",201,353,"1,212",263,949,"3,844"
18-Nov-11,Derived EIA Weekly Estimates,957,"1,122",203,356,"1,216",268,948,"3,853"
25-Nov-11,Derived EIA Weekly Estimates,953,"1,108",204,357,"1,229",276,953,"3,850"
02-Dec-11,Derived EIA Weekly Estimates,951,"1,093",203,359,"1,224",281,943,"3,830"
09-Dec-11,Derived EIA Weekly Estimates,935,"1,061",195,342,"1,197",276,921,"3,729"
16-Dec-11,Derived EIA Weekly Estimates,905,"1,028",191,324,"1,182",274,908,"3,628"
23-Dec-11,Derived EIA Weekly Estimates,881,998,186,309,"1,173",275,898,"3,548"
30-Dec-11,Derived EIA Weekly Estimates,853,964,183,308,"1,163",279,884,"3,471"
06-Jan-12,Derived EIA Weekly Estimates,819,923,180,308,"1,147",274,873,"3,377"
13-Jan-12,Derived EIA Weekly Estimates,791,890,174,301,"1,134",276,858,"3,290"
20-Jan-12,Derived EIA Weekly Estimates,728,831,165,283,"1,090",260,830,"3,098"
27-Jan-12,Derived EIA Weekly Estimates,682,778,160,278,"1,068",254,814,"2,966"
03-Feb-12,Derived EIA Weekly Estimates,656,745,157,275,"1,056",250,806,"2,888"
10-Feb-12,Derived EIA Weekly Estimates,616,702,152,272,"1,018",240,778,"2,761"
17-Feb-12,Derived EIA Weekly Estimates,570,651,146,267,961,217,744,"2,595"
24-Feb-12,Derived EIA Weekly Estimates,545,619,141,266,942,214,728,"2,513"
02-Mar-12,Derived EIA Weekly Estimates,515,589,137,258,934,216,718,"2,433"
09-Mar-12,Derived EIA Weekly Estimates,491,558,133,255,933,223,710,"2,369"
16-Mar-12,Derived EIA Weekly Estimates,489,550,134,255,952,232,720,"2,380"
23-Mar-12,Derived EIA Weekly Estimates,506,557,134,253,980,247,733,"2,429"
30-Mar-12,Derived EIA Weekly Estimates,510,563,137,256,"1,006",260,746,"2,472"
06-Apr-12,Derived EIA Weekly Estimates,515,564,137,261,"1,001",258,743,"2,478"
13-Apr-12,Derived EIA Weekly Estimates,524,569,139,265,"1,006",259,747,"2,503"
20-Apr-12,Derived EIA Weekly Estimates,546,587,139,270,"1,006",254,752,"2,546"
27-Apr-12,Derived EIA Weekly Estimates,557,597,142,276,"1,005",249,756,"2,576"
04-May-12,Derived EIA Weekly Estimates,571,607,144,283,"1,001",241,760,"2,606"
11-May-12,Derived EIA Weekly Estimates,597,628,146,289,"1,008",238,770,"2,667"
18-May-12,Derived EIA Weekly Estimates,621,648,148,300,"1,027",257,770,"2,744"
25-May-12,Derived EIA Weekly Estimates,644,669,151,309,"1,042",261,781,"2,815"
01-Jun-12,Derived EIA Weekly Estimates,663,689,155,318,"1,053",260,793,"2,877"
08-Jun-12,Derived EIA Weekly Estimates,685,709,159,327,"1,063",261,802,"2,944"
15-Jun-12,Derived EIA Weekly Estimates,704,727,162,335,"1,077",265,812,"3,006"
22-Jun-12,Derived EIA Weekly Estimates,719,746,165,342,"1,091",267,824,"3,063"
29-Jun-12,Derived EIA Weekly Estimates,738,764,169,353,"1,080",258,822,"3,102"
06-Jul-12,Derived EIA Weekly Estimates,747,775,174,360,"1,079",251,828,"3,135"
13-Jul-12,Derived EIA Weekly Estimates,756,789,178,360,"1,080",247,833,"3,163"
20-Jul-12,Derived EIA Weekly Estimates,764,801,182,364,"1,079",242,837,"3,190"
27-Jul-12,Derived EIA Weekly Estimates,775,820,185,364,"1,073",234,839,"3,217"
03-Aug-12,Derived EIA Weekly Estimates,786,839,187,361,"1,067",226,841,"3,240"
10-Aug-12,Derived EIA Weekly Estimates,796,858,189,354,"1,063",220,843,"3,261"
17-Aug-12,Derived EIA Weekly Estimates,815,887,193,345,"1,068",218,850,"3,308"
24-Aug-12,Derived EIA Weekly Estimates,836,913,196,345,"1,084",227,857,"3,374"
31-Aug-12,Derived EIA Weekly Estimates,847,936,200,342,"1,077",221,856,"3,402"
07-Sep-12,Derived EIA Weekly Estimates,857,964,204,341,"1,062",207,855,"3,429"
14-Sep-12,Derived EIA Weekly Estimates,874,991,209,341,"1,082",217,865,"3,496"
21-Sep-12,Derived EIA Weekly Estimates,892,"1,018",213,342,"1,111",232,879,"3,576"
28-Sep-12,Derived EIA Weekly Estimates,908,"1,044",217,347,"1,137",245,892,"3,654"
05-Oct-12,Derived EIA Weekly Estimates,926,"1,067",220,348,"1,164",260,904,"3,726"
12-Oct-12,Derived EIA Weekly Estimates,936,"1,081",221,355,"1,182",271,911,"3,776"
19-Oct-12,Derived EIA Weekly Estimates,945,"1,100",225,362,"1,210",286,924,"3,843"
26-Oct-12,Derived EIA Weekly Estimates,960,"1,119",227,368,"1,233",300,933,"3,907"
02-Nov-12,Derived EIA Weekly Estimates,960,"1,124",230,375,"1,240",307,933,"3,928"
09-Nov-12,Derived EIA Weekly Estimates,942,"1,118",231,377,"1,242",310,932,"3,910"
16-Nov-12,Derived EIA Weekly Estimates,935,"1,107",227,374,"1,230",311,919,"3,873"
23-Nov-12,Derived EIA Weekly Estimates,927,"1,103",228,378,"1,241",317,924,"3,876"
30-Nov-12,Derived EIA Weekly Estimates,902,"1,072",228,375,"1,228",316,912,"3,804"
07-Dec-12,Derived EIA Weekly Estimates,900,"1,062",228,376,"1,240",320,920,"3,806"
14-Dec-12,Derived EIA Weekly Estimates,884,"1,029",222,372,"1,216",312,904,"3,724"
21-Dec-12,Derived EIA Weekly Estimates,868,"1,004",216,360,"1,206",310,896,"3,653"
28-Dec-12,Derived EIA Weekly Estimates,829,959,207,352,"1,170",302,868,"3,517"
04-Jan-13,Derived EIA Weekly Estimates,776,901,197,333,"1,111",283,828,"3,316"
11-Jan-13,Derived EIA Weekly Estimates,736,855,190,316,"1,072",275,797,"3,167"
18-Jan-13,Derived EIA Weekly Estimates,708,804,178,286,"1,020",260,760,"2,996"
25-Jan-13,Derived EIA Weekly Estimates,651,732,172,274,973,244,729,"2,802"
01-Feb-13,Derived EIA Weekly Estimates,608,688,165,269,954,240,714,"2,684"
08-Feb-13,Derived EIA Weekly Estimates,549,631,159,266,921,234,687,"2,526"
15-Feb-13,Derived EIA Weekly Estimates,512,590,153,259,887,225,662,"2,400"
22-Feb-13,Derived EIA Weekly Estimates,458,534,146,252,838,208,630,"2,229"
01-Mar-13,Derived EIA Weekly Estimates,424,493,139,247,780,190,590,"2,082"
08-Mar-13,Derived EIA Weekly Estimates,377,448,136,245,732,175,557,"1,938"
15-Mar-13,Derived EIA Weekly Estimates,357,422,132,248,717,180,537,"1,876"
22-Mar-13,Derived EIA Weekly Estimates,324,382,127,248,700,178,522,"1,781"
29-Mar-13,Derived EIA Weekly Estimates,302,356,122,248,659,166,493,"1,687"
05-Apr-13,Derived EIA Weekly Estimates,295,347,123,256,654,168,486,"1,674"
12-Apr-13,Derived EIA Weekly Estimates,310,351,120,258,666,179,487,"1,705"
19-Apr-13,Derived EIA Weekly Estimates,329,354,117,258,676,187,489,"1,734"
26-Apr-13,Derived EIA Weekly Estimates,344,356,118,262,697,198,499,"1,776"
03-May-13,Derived EIA Weekly Estimates,376,376,118,268,728,212,516,"1,866"
10-May-13,Derived EIA Weekly Estimates,408,399,120,278,760,228,532,"1,964"
17-May-13,Derived EIA Weekly Estimates,433,419,122,285,792,239,553,"2,052"
24-May-13,Derived EIA Weekly Estimates,461,445,127,294,815,243,572,"2,142"
31-May-13,Derived EIA Weekly Estimates,491,473,132,304,852,254,598,"2,252"
07-Jun-13,Derived EIA Weekly Estimates,520,500,137,313,877,259,618,"2,347"
14-Jun-13,Derived EIA Weekly Estimates,551,529,140,321,898,261,637,"2,439"
21-Jun-13,Derived EIA Weekly Estimates,578,560,144,330,922,263,659,"2,533"
28-Jun-13,Derived EIA Weekly Estimates,599,586,148,336,936,265,671,"2,606"
05-Jul-13,Derived EIA Weekly Estimates,622,616,152,334,963,274,689,"2,687"
12-Jul-13,Derived EIA Weekly Estimates,634,641,154,337,979,275,704,"2,745"
19-Jul-13,Derived EIA Weekly Estimates,642,658,157,337,990,274,716,"2,786"
26-Jul-13,Derived EIA Weekly Estimates,661,684,160,340,"1,001",267,734,"2,845"
02-Aug-13,Derived EIA Weekly Estimates,687,715,164,359,"1,015",265,750,"2,940"
09-Aug-13,Derived EIA Weekly Estimates,708,745,168,366,"1,020",261,759,"3,007"
16-Aug-13,Derived EIA Weekly Estimates,725,774,172,368,"1,024",258,766,"3,063"
23-Aug-13,Derived EIA Weekly Estimates,743,805,177,365,"1,041",260,781,"3,131"
30-Aug-13,Derived EIA Weekly Estimates,760,831,181,364,"1,052",261,791,"3,189"
06-Sep-13,Derived EIA Weekly Estimates,778,861,184,362,"1,067",262,805,"3,253"
13-Sep-13,Derived EIA Weekly Estimates,794,885,188,363,"1,069",259,810,"3,299"
20-Sep-13,Derived EIA Weekly Estimates,817,917,192,366,"1,094",267,827,"3,385"
27-Sep-13,Derived EIA Weekly Estimates,840,951,197,373,"1,126",278,848,"3,487"
04-Oct-13,Derived EIA Weekly Estimates,861,980,202,378,"1,156",287,869,"3,577"
11-Oct-13,Derived EIA Weekly Estimates,879,"1,008",205,383,"1,179",294,885,"3,655"
18-Oct-13,Derived EIA Weekly Estimates,901,"1,036",208,384,"1,211",311,900,"3,741"
25-Oct-13,Derived EIA Weekly Estimates,908,"1,046",211,385,"1,230",318,912,"3,779"
01-Nov-13,Derived EIA Weekly Estimates,910,"1,054",213,386,"1,252",325,927,"3,816"
08-Nov-13,Derived EIA Weekly Estimates,917,"1,057",214,384,"1,262",332,930,"3,834"
15-Nov-13,Derived EIA Weekly Estimates,900,"1,042",215,383,"1,249",327,922,"3,789"
22-Nov-13,Derived EIA Weekly Estimates,897,"1,031",214,378,"1,255",331,924,"3,775"
29-Nov-13,Derived EIA Weekly Estimates,863,987,208,368,"1,188",303,885,"3,613"
06-Dec-13,Derived EIA Weekly Estimates,843,961,200,350,"1,179",309,870,"3,533"
13-Dec-13,Derived EIA Weekly Estimates,792,881,187,307,"1,082",277,805,"3,248"
20-Dec-13,Derived EIA Weekly Estimates,737,821,182,291,"1,041",263,778,"3,071"
27-Dec-13,Derived EIA Weekly Estimates,715,776,175,281,"1,028",269,759,"2,975"
03-Jan-14,Derived EIA Weekly Estimates,672,721,169,269,986,259,727,"2,817"
10-Jan-14,Derived EIA Weekly Estimates,606,638,159,246,881,211,670,"2,529"
17-Jan-14,Derived EIA Weekly Estimates,580,598,153,236,857,213,644,"2,424"
24-Jan-14,Derived EIA Weekly Estimates,525,528,145,220,765,178,587,"2,184"
31-Jan-14,Derived EIA Weekly Estimates,459,452,136,202,674,137,537,"1,924"
07-Feb-14,Derived EIA Weekly Estimates,417,390,124,169,593,109,484,"1,693"
14-Feb-14,Derived EIA Weekly Estimates,356,323,115,147,504,77,427,"1,444"
21-Feb-14,Derived EIA Weekly Estimates,317,284,109,139,500,96,404,"1,348"
28-Feb-14,Derived EIA Weekly Estimates,280,239,101,117,459,88,371,"1,196"
07-Mar-14,Derived EIA Weekly Estimates,231,194,94,103,381,54,327,"1,002"
14-Mar-14,Derived EIA Weekly Estimates,213,176,91,103,369,62,307,953
21-Mar-14,Derived EIA Weekly Estimates,192,158,87,103,354,65,289,895
28-Mar-14,Derived EIA Weekly Estimates,167,138,85,102,332,60,272,824
04-Apr-14,Derived EIA Weekly Estimates,167,133,82,105,341,68,273,827
11-Apr-14,Derived EIA Weekly Estimates,169,137,81,113,351,76,275,850
18-Apr-14,Derived EIA Weekly Estimates,181,141,80,124,373,89,284,899
25-Apr-14,Derived EIA Weekly Estimates,198,158,82,135,408,104,304,981
02-May-14,Derived EIA Weekly Estimates,215,177,83,145,434,113,321,"1,055"
09-May-14,Derived EIA Weekly Estimates,243,210,86,159,462,126,336,"1,160"
16-May-14,Derived EIA Weekly Estimates,277,241,89,169,491,140,351,"1,267"
23-May-14,Derived EIA Weekly Estimates,308,273,94,183,522,152,370,"1,380"
30-May-14,Derived EIA Weekly Estimates,341,310,100,196,553,163,390,"1,499"
06-Jun-14,Derived EIA Weekly Estimates,370,345,104,207,581,172,409,"1,607"
13-Jun-14,Derived EIA Weekly Estimates,403,383,109,217,608,177,431,"1,719"
20-Jun-14,Derived EIA Weekly Estimates,433,419,115,230,632,185,447,"1,829"
27-Jun-14,Derived EIA Weekly Estimates,462,455,120,241,650,188,462,"1,928"
04-Jul-14,Derived EIA Weekly Estimates,482,490,127,250,674,194,480,"2,023"
11-Jul-14,Derived EIA Weekly Estimates,509,528,131,258,702,201,501,"2,128"
18-Jul-14,Derived EIA Weekly Estimates,532,561,136,265,725,207,518,"2,219"
25-Jul-14,Derived EIA Weekly Estimates,557,593,141,272,744,210,534,"2,307"
01-Aug-14,Derived EIA Weekly Estimates,584,627,145,274,758,212,546,"2,388"
08-Aug-14,Derived EIA Weekly Estimates,608,662,149,281,768,213,555,"2,467"
15-Aug-14,Derived EIA Weekly Estimates,635,699,153,286,782,214,568,"2,555"
22-Aug-14,Derived EIA Weekly Estimates,659,736,156,292,788,210,578,"2,631"
29-Aug-14,Derived EIA Weekly Estimates,681,772,159,299,798,211,587,"2,709"
05-Sep-14,Derived EIA Weekly Estimates,704,809,164,306,817,216,601,"2,801"
12-Sep-14,Derived EIA Weekly Estimates,727,843,169,309,843,222,621,"2,890"
19-Sep-14,Derived EIA Weekly Estimates,758,877,170,309,874,234,640,"2,988"
26-Sep-14,Derived EIA Weekly Estimates,790,913,174,313,910,248,662,"3,099"
03-Oct-14,Derived EIA Weekly Estimates,817,948,176,322,942,260,682,"3,205"
10-Oct-14,Derived EIA Weekly Estimates,840,973,181,328,976,272,704,"3,298"
17-Oct-14,Derived EIA Weekly Estimates,859,"1,002",184,335,"1,014",285,729,"3,393"
24-Oct-14,Derived EIA Weekly Estimates,877,"1,024",187,340,"1,052",298,754,"3,480"
31-Oct-14,Derived EIA Weekly Estimates,894,"1,051",189,346,"1,091",314,777,"3,571"
07-Nov-14,Derived EIA Weekly Estimates,895,"1,057",191,349,"1,119",327,792,"3,611"
14-Nov-14,Derived EIA Weekly Estimates,892,"1,050",184,349,"1,119",329,790,"3,594"
21-Nov-14,Derived EIA Weekly Estimates,852,"1,001",177,337,"1,065",306,759,"3,432"
28-Nov-14,Derived EIA Weekly Estimates,839,980,176,338,"1,076",314,762,"3,410"
05-Dec-14,Derived EIA Weekly Estimates,819,951,173,333,"1,083",323,760,"3,359"
12-Dec-14,Derived EIA Weekly Estimates,792,923,170,337,"1,073",325,748,"3,296"
19-Dec-14,Derived EIA Weekly Estimates,776,902,165,332,"1,070",327,743,"3,246"
26-Dec-14,Derived EIA Weekly Estimates,765,885,163,335,"1,072",330,742,"3,220"
02-Jan-15,Derived EIA Weekly Estimates,737,849,152,312,"1,040",324,716,"3,089"
09-Jan-15,Derived EIA Weekly Estimates,685,774,142,292,960,291,669,"2,854"
16-Jan-15,Derived EIA Weekly Estimates,631,711,136,281,878,260,618,"2,637"
23-Jan-15,Derived EIA Weekly Estimates,595,677,134,275,862,257,605,"2,543"
30-Jan-15,Derived EIA Weekly Estimates,553,632,133,273,838,247,591,"2,428"
06-Feb-15,Derived EIA Weekly Estimates,501,572,130,275,791,231,560,"2,268"
13-Feb-15,Derived EIA Weekly Estimates,458,518,132,278,771,222,549,"2,158"
20-Feb-15,Derived EIA Weekly Estimates,401,435,127,279,696,181,515,"1,938"
27-Feb-15,Derived EIA Weekly Estimates,353,361,118,271,606,136,470,"1,709"
06-Mar-15,Derived EIA Weekly Estimates,309,303,111,260,528,108,420,"1,511"
13-Mar-15,Derived EIA Weekly Estimates,290,285,111,261,522,108,414,"1,468"
20-Mar-15,Derived EIA Weekly Estimates,275,279,113,264,548,121,427,"1,479"
27-Mar-15,Derived EIA Weekly Estimates,255,261,114,269,562,132,430,"1,461"
03-Apr-15,Derived EIA Weekly Estimates,242,256,117,273,588,146,442,"1,476"
10-Apr-15,Derived EIA Weekly Estimates,250,263,117,273,637,171,466,"1,539"
17-Apr-15,Derived EIA Weekly Estimates,271,282,118,276,681,191,490,"1,628"
24-Apr-15,Derived EIA Weekly Estimates,294,296,118,281,721,209,512,"1,711"
01-May-15,Derived EIA Weekly Estimates,310,311,119,287,758,223,535,"1,785"
08-May-15,Derived EIA Weekly Estimates,341,339,123,292,802,243,559,"1,897"
15-May-15,Derived EIA Weekly Estimates,371,364,125,298,832,251,581,"1,989"
22-May-15,Derived EIA Weekly Estimates,404,396,129,307,866,261,605,"2,101"
29-May-15,Derived EIA Weekly Estimates,440,431,136,316,910,277,633,"2,233"
05-Jun-15,Derived EIA Weekly Estimates,470,464,142,322,946,291,655,"2,344"
12-Jun-15,Derived EIA Weekly Estimates,499,493,147,327,968,295,673,"2,433"
19-Jun-15,EIA-912,524,517,150,333,982,295,686,"2,506"
26-Jun-15,EIA-912,552,546,155,333,993,292,700,"2,579"
03-Jul-15,EIA-912,584,582,158,329,"1,013",297,716,"2,666"
10-Jul-15,EIA-912,609,612,164,334,"1,045",305,739,"2,764"
17-Jul-15,EIA-912,627,636,167,337,"1,056",304,752,"2,823"
24-Jul-15,EIA-912,643,659,171,340,"1,059",300,759,"2,872"
31-Jul-15,EIA-912,658,683,174,341,"1,054",292,762,"2,910"
07-Aug-15,EIA-912,681,713,176,344,"1,061",291,769,"2,975"
14-Aug-15,EIA-912,704,740,179,345,"1,059",286,773,"3,027"
21-Aug-15,EIA-912,725,770,183,345,"1,071",287,784,"3,094"
28-Aug-15,EIA-912,751,815,188,345,"1,091",290,801,"3,190"
04-Sep-15,EIA-912,769,848,191,349,"1,105",293,811,"3,262"
11-Sep-15,EIA-912,787,883,194,347,"1,125",298,828,"3,336"
18-Sep-15,EIA-912,812,918,197,352,"1,162",312,850,"3,441"
25-Sep-15,EIA-912,837,952,201,355,"1,192",321,870,"3,537"
02-Oct-15,EIA-912,863,984,206,359,"1,222",331,891,"3,634"
09-Oct-15,EIA-912,880,"1,016",210,367,"1,258",346,912,"3,731"
16-Oct-15,EIA-912,899,"1,046",213,367,"1,288",357,930,"3,813"
23-Oct-15,EIA-912,905,"1,072",216,373,"1,309",366,944,"3,875"
30-Oct-15,EIA-912,916,"1,097",216,377,"1,325",371,955,"3,931"
06-Nov-15,EIA-912,929,"1,117",217,382,"1,340",373,967,"3,985"
13-Nov-15,EIA-912,934,"1,124",214,381,"1,347",377,970,"4,000"
20-Nov-15,EIA-912,935,"1,127",214,381,"1,352",382,970,"4,009"
27-Nov-15,EIA-912,919,"1,109",211,375,"1,342",380,962,"3,956"
04-Dec-15,EIA-912,910,"1,083",203,361,"1,323",379,943,"3,880"
11-Dec-15,EIA-912,894,"1,066",203,361,"1,322",376,946,"3,846"
18-Dec-15,EIA-912,894,"1,051",198,346,"1,325",378,947,"3,814"
25-Dec-15,EIA-912,876,"1,025",195,338,"1,322",378,944,"3,756"
01-Jan-16,EIA-912,857,983,185,313,"1,305",379,925,"3,643"
08-Jan-16,EIA-912,802,942,177,295,"1,259",364,895,"3,475"
15-Jan-16,EIA-912,758,879,170,281,"1,209",345,864,"3,297"
22-Jan-16,EIA-912,695,811,164,273,"1,143",321,821,"3,086"
29-Jan-16,EIA-912,641,767,159,271,"1,096",303,793,"2,934"
05-Feb-16,EIA-912,620,739,151,258,"1,096",312,784,"2,864"
12-Feb-16,EIA-912,568,689,147,255,"1,042",286,756,"2,701"
19-Feb-16,EIA-912,512,645,147,256,"1,024",281,743,"2,584"
26-Feb-16,EIA-912,495,621,145,255,"1,020",285,735,"2,536"
04-Mar-16,EIA-912,464,587,146,258,"1,024",291,733,"2,479"
11-Mar-16,EIA-912,452,577,147,259,"1,043",303,740,"2,478"
18-Mar-16,EIA-912,453,571,148,260,"1,061",312,749,"2,493"
25-Mar-16,EIA-912,439,555,147,262,"1,065",315,750,"2,468"
01-Apr-16,EIA-912,434,548,149,265,"1,084",323,761,"2,480"
08-Apr-16,EIA-912,419,538,150,269,"1,101",334,767,"2,477"
15-Apr-16,EIA-912,408,538,152,271,"1,115",342,774,"2,484"
22-Apr-16,EIA-912,431,554,155,277,"1,140",352,788,"2,557"
29-Apr-16,EIA-912,454,566,157,284,"1,164",362,802,"2,625"
06-May-16,EIA-912,468,582,161,288,"1,182",368,813,"2,681"
13-May-16,EIA-912,490,606,166,293,"1,199",371,828,"2,754"
20-May-16,EIA-912,511,629,171,298,"1,216",372,844,"2,825"
27-May-16,EIA-912,537,655,178,304,"1,233",370,863,"2,907"
03-Jun-16,EIA-912,559,679,183,307,"1,244",370,874,"2,972"
10-Jun-16,EIA-912,585,703,188,312,"1,253",368,885,"3,041"
17-Jun-16,EIA-912,612,724,194,318,"1,255",366,890,"3,103"
24-Jun-16,EIA-912,632,742,198,315,"1,253",360,893,"3,140"
01-Jul-16,EIA-912,654,764,202,313,"1,246",354,893,"3,179"
08-Jul-16,EIA-912,678,785,208,319,"1,253",355,898,"3,243"
15-Jul-16,EIA-912,697,801,210,318,"1,251",349,901,"3,277"
22-Jul-16,EIA-912,715,815,213,318,"1,233",336,897,"3,294"
29-Jul-16,EIA-912,729,825,213,314,"1,207",320,886,"3,288"
05-Aug-16,EIA-912,746,845,215,314,"1,197",313,884,"3,317"
12-Aug-16,EIA-912,763,861,217,313,"1,185",305,881,"3,339"
19-Aug-16,EIA-912,775,875,219,310,"1,171",292,879,"3,350"
26-Aug-16,EIA-912,796,904,222,310,"1,169",287,883,"3,401"
02-Sep-16,EIA-912,812,928,224,313,"1,160",280,880,"3,437"
09-Sep-16,EIA-912,832,954,227,317,"1,169",285,884,"3,499"
16-Sep-16,EIA-912,851,985,230,318,"1,167",278,889,"3,551"
23-Sep-16,EIA-912,874,"1,014",233,318,"1,161",275,885,"3,600"
30-Sep-16,EIA-912,899,"1,045",237,318,"1,181",289,893,"3,680"
07-Oct-16,EIA-912,913,"1,071",240,323,"1,212",305,907,"3,759"
14-Oct-16,EIA-912,925,"1,093",243,325,"1,250",330,920,"3,836"
21-Oct-16,EIA-912,939,"1,115",245,326,"1,284",352,931,"3,909"
28-Oct-16,EIA-912,940,"1,130",249,326,"1,318",374,944,"3,963"
04-Nov-16,EIA-912,946,"1,148",253,327,"1,343",385,958,"4,017"
11-Nov-16,EIA-912,944,"1,155",257,328,"1,363",394,969,"4,047"
18-Nov-16,EIA-912,935,"1,153",259,328,"1,370",396,974,"4,045"
25-Nov-16,EIA-912,912,"1,130",258,328,"1,367",400,967,"3,995"
02-Dec-16,EIA-912,899,"1,112",256,323,"1,363",403,960,"3,953"
09-Dec-16,EIA-912,865,"1,071",244,312,"1,314",388,927,"3,806"
16-Dec-16,EIA-912,810,"1,007",230,302,"1,248",363,884,"3,597"
23-Dec-16,EIA-912,757,946,217,283,"1,157",324,833,"3,360"
30-Dec-16,EIA-912,737,921,207,275,"1,171",343,828,"3,311"
06-Jan-17,EIA-912,698,865,197,263,"1,137",343,794,"3,160"
13-Jan-17,EIA-912,639,795,183,248,"1,052",312,740,"2,917"
20-Jan-17,EIA-912,596,757,173,235,"1,037",325,712,"2,798"
27-Jan-17,EIA-912,569,730,164,221,"1,027",340,687,"2,711"
03-Feb-17,EIA-912,520,685,155,208,991,338,654,"2,559"
10-Feb-17,EIA-912,479,642,150,205,969,332,636,"2,445"
17-Feb-17,EIA-912,431,612,146,206,961,328,633,"2,356"
24-Feb-17,EIA-912,422,608,146,205,982,333,649,"2,363"
03-Mar-17,EIA-912,404,579,139,201,972,326,646,"2,295"
10-Mar-17,EIA-912,368,557,137,203,977,325,653,"2,242"
17-Mar-17,EIA-912,309,506,137,208,932,295,637,"2,092"
24-Mar-17,EIA-912,278,486,141,212,932,289,644,"2,049"
31-Mar-17,EIA-912,268,479,142,216,946,295,651,"2,051"
07-Apr-17,EIA-912,266,476,141,221,957,301,656,"2,061"
14-Apr-17,EIA-912,278,487,144,223,983,314,670,"2,115"
21-Apr-17,EIA-912,303,504,149,228,"1,005",321,684,"2,189"
28-Apr-17,EIA-912,325,519,153,233,"1,026",329,697,"2,256"
05-May-17,EIA-912,350,524,155,238,"1,034",331,702,"2,301"
12-May-17,EIA-912,367,540,161,244,"1,057",337,720,"2,369"
19-May-17,EIA-912,390,562,166,250,"1,076",338,738,"2,444"
26-May-17,EIA-912,419,585,166,258,"1,097",342,755,"2,525"
02-Jun-17,EIA-912,457,614,172,269,"1,119",345,774,"2,631"
09-Jun-17,EIA-912,491,634,177,274,"1,133",348,784,"2,709"
16-Jun-17,EIA-912,513,656,182,281,"1,138",343,794,"2,770"
23-Jun-17,EIA-912,536,676,184,280,"1,140",341,799,"2,816"
30-Jun-17,EIA-912,564,699,187,287,"1,141",332,810,"2,878"
07-Jul-17,EIA-912,588,719,193,292,"1,144",327,817,"2,936"
14-Jul-17,EIA-912,609,733,194,292,"1,135",319,816,"2,963"
21-Jul-17,EIA-912,626,743,197,294,"1,120",308,812,"2,980"
28-Jul-17,EIA-912,651,754,200,293,"1,101",296,805,"2,999"
04-Aug-17,EIA-912,673,771,202,289,"1,094",290,804,"3,029"
11-Aug-17,EIA-912,701,798,204,292,"1,087",283,804,"3,082"
18-Aug-17,EIA-912,728,821,206,296,"1,074",274,800,"3,125"
25-Aug-17,EIA-912,749,840,205,301,"1,060",262,797,"3,155"
01-Sep-17,EIA-912,781,872,205,296,"1,066",266,800,"3,220"
08-Sep-17,EIA-912,809,906,208,296,"1,092",285,807,"3,311"
15-Sep-17,EIA-912,833,938,212,300,"1,125",304,821,"3,408"
22-Sep-17,EIA-912,848,964,217,307,"1,130",305,825,"3,466"
29-Sep-17,EIA-912,861,989,220,311,"1,127",300,827,"3,508"
06-Oct-17,EIA-912,884,"1,024",223,315,"1,149",310,838,"3,595"
13-Oct-17,EIA-912,901,"1,054",224,316,"1,150",302,848,"3,645"
20-Oct-17,EIA-912,915,"1,082",224,315,"1,174",313,861,"3,710"
27-Oct-17,EIA-912,926,"1,107",226,317,"1,199",324,874,"3,775"
03-Nov-17,EIA-912,925,"1,112",224,317,"1,212",336,876,"3,790"
10-Nov-17,EIA-912,915,"1,108",220,315,"1,214",341,873,"3,772"
17-Nov-17,EIA-912,891,"1,090",220,314,"1,211",340,871,"3,726"
24-Nov-17,EIA-912,876,"1,068",221,314,"1,214",348,866,"3,693"
01-Dec-17,EIA-912,868,"1,058",221,313,"1,235",360,875,"3,695"
08-Dec-17,EIA-912,855,"1,033",213,305,"1,220",360,860,"3,626"
15-Dec-17,EIA-912,811,980,204,294,"1,155",330,825,"3,444"
22-Dec-17,EIA-912,782,941,195,281,"1,133",324,809,"3,332"
29-Dec-17,EIA-912,740,875,183,268,"1,060",302,759,"3,126"
05-Jan-18,EIA-912,664,778,167,251,907,224,683,"2,767"
12-Jan-18,EIA-912,614,717,158,244,851,206,646,"2,584"
19-Jan-18,EIA-912,555,634,145,233,729,151,578,"2,296"
26-Jan-18,EIA-912,525,596,137,220,719,169,550,"2,197"
02-Feb-18,EIA-912,488,543,131,213,703,184,518,"2,078"
09-Feb-18,EIA-912,432,468,122,213,649,178,472,"1,884"
16-Feb-18,EIA-912,403,428,111,204,614,175,440,"1,760"
23-Feb-18,EIA-912,382,398,102,189,611,183,429,"1,682"
02-Mar-18,EIA-912,359,380,97,177,612,189,423,"1,625"
09-Mar-18,EIA-912,314,350,93,169,606,186,420,"1,532"
16-Mar-18,EIA-912,270,315,90,169,602,182,419,"1,446"
23-Mar-18,EIA-912,242,284,88,166,603,181,422,"1,383"
30-Mar-18,EIA-912,229,266,87,166,606,188,419,"1,354"
06-Apr-18,EIA-912,217,246,83,171,618,196,422,"1,335"
13-Apr-18,EIA-912,207,228,83,175,606,185,421,"1,299"
20-Apr-18,EIA-912,205,211,84,177,604,182,421,"1,281"
27-Apr-18,EIA-912,223,221,86,187,626,190,436,"1,343"
04-May-18,EIA-912,243,240,92,195,662,204,458,"1,432"
11-May-18,EIA-912,275,267,98,204,694,216,477,"1,538"
18-May-18,EIA-912,299,288,107,213,722,226,496,"1,629"
25-May-18,EIA-912,328,315,113,221,748,235,514,"1,725"
01-Jun-18,EIA-912,351,341,121,231,773,245,528,"1,817"
08-Jun-18,EIA-912,377,372,125,239,800,252,547,"1,913"
15-Jun-18,EIA-912,406,401,127,246,828,258,570,"2,008"
22-Jun-18,EIA-912,430,425,133,251,835,252,583,"2,074"
29-Jun-18,EIA-912,460,455,139,257,841,245,596,"2,152"
06-Jul-18,EIA-912,480,477,143,260,843,238,605,"2,203"
13-Jul-18,EIA-912,507,501,144,259,838,231,607,"2,248"
20-Jul-18,EIA-912,527,525,145,256,820,215,605,"2,272"
27-Jul-18,EIA-912,552,552,146,249,807,206,601,"2,305"
03-Aug-18,EIA-912,574,580,148,244,808,204,604,"2,353"
10-Aug-18,EIA-912,590,604,151,239,802,195,606,"2,386"
17-Aug-18,EIA-912,611,633,153,238,799,190,609,"2,435"
24-Aug-18,EIA-912,637,669,157,240,801,188,613,"2,504"
31-Aug-18,EIA-912,659,702,162,246,799,183,615,"2,567"
07-Sep-18,EIA-912,679,734,166,250,806,182,624,"2,636"
14-Sep-18,EIA-912,709,770,170,255,818,184,635,"2,722"
21-Sep-18,EIA-912,729,800,173,259,807,173,634,"2,768"
28-Sep-18,EIA-912,763,836,177,262,829,181,648,"2,866"
05-Oct-18,EIA-912,790,871,180,262,854,191,663,"2,956"
12-Oct-18,EIA-912,812,908,177,264,877,203,673,"3,037"
19-Oct-18,EIA-912,825,934,177,262,896,218,678,"3,095"
26-Oct-18,EIA-912,826,956,180,262,919,234,686,"3,143"
02-Nov-18,EIA-912,831,980,182,265,949,253,696,"3,208"
09-Nov-18,EIA-912,835,991,181,266,974,272,702,"3,247"
16-Nov-18,EIA-912,803,959,174,258,919,251,668,"3,113"
23-Nov-18,EIA-912,778,938,171,254,914,259,654,"3,054"
30-Nov-18,EIA-912,752,914,168,253,905,263,642,"2,991"
07-Dec-18,EIA-912,732,885,160,238,898,271,627,"2,914"
14-Dec-18,EIA-912,692,841,153,227,860,262,598,"2,773"
21-Dec-18,EIA-912,676,818,150,223,858,274,584,"2,725"
28-Dec-18,EIA-912,661,798,147,220,878,296,582,"2,705"
04-Jan-19,EIA-912,651,763,132,204,865,302,563,"2,614"
11-Jan-19,EIA-912,620,729,127,196,861,303,557,"2,533"
18-Jan-19,EIA-912,566,673,121,185,823,295,528,"2,370"
25-Jan-19,EIA-912,527,606,114,178,771,278,493,"2,197"
01-Feb-19,EIA-912,468,522,105,172,692,241,451,"1,960"
08-Feb-19,EIA-912,444,492,95,155,696,248,447,"1,882"
15-Feb-19,EIA-912,395,436,87,138,649,224,425,"1,705"
22-Feb-19,EIA-912,354,385,79,122,598,199,399,"1,539"
01-Mar-19,EIA-912,311,338,73,112,557,180,377,"1,390"
08-Mar-19,EIA-912,262,287,66,102,473,129,344,"1,190"
15-Mar-19,EIA-912,245,268,62,96,471,135,336,"1,143"
22-Mar-19,EIA-912,225,248,62,104,467,137,329,"1,107"
29-Mar-19,EIA-912,210,241,64,113,502,156,347,"1,130"
05-Apr-19,EIA-912,209,240,64,119,523,166,357,"1,155"
12-Apr-19,EIA-912,228,254,66,128,571,187,384,"1,247"
19-Apr-19,EIA-912,251,264,70,138,616,204,413,"1,339"
26-Apr-19,EIA-912,279,290,75,152,666,224,442,"1,462"
03-May-19,EIA-912,299,309,78,162,699,234,466,"1,547"
10-May-19,EIA-912,330,336,82,174,731,240,491,"1,653"
17-May-19,EIA-912,353,364,89,186,762,249,513,"1,753"
24-May-19,EIA-912,383,399,93,198,793,253,540,"1,867"
31-May-19,EIA-912,414,436,101,213,821,256,565,"1,986"
07-Jun-19,EIA-912,440,469,111,227,842,256,586,"2,088"
14-Jun-19,EIA-912,472,503,118,234,875,264,612,"2,203"
21-Jun-19,EIA-912,499,538,127,245,893,263,630,"2,301"
28-Jun-19,EIA-912,526,568,134,255,907,259,648,"2,390"
05-Jul-19,EIA-912,544,597,140,263,927,257,669,"2,471"
12-Jul-19,EIA-912,561,627,147,268,929,246,683,"2,533"
19-Jul-19,EIA-912,575,650,151,271,921,229,692,"2,569"
26-Jul-19,EIA-912,597,677,156,270,934,226,708,"2,634"
02-Aug-19,EIA-912,613,701,161,272,941,221,719,"2,689"
09-Aug-19,EIA-912,634,729,164,272,939,214,725,"2,738"
16-Aug-19,EIA-912,660,760,168,274,935,205,730,"2,797"
23-Aug-19,EIA-912,682,790,173,278,934,199,736,"2,857"
30-Aug-19,EIA-912,714,827,177,276,947,197,749,"2,941"
06-Sep-19,EIA-912,739,864,183,275,958,199,759,"3,019"
13-Sep-19,EIA-912,763,898,188,279,974,200,774,"3,103"
20-Sep-19,EIA-912,794,934,194,286,998,207,790,"3,205"
27-Sep-19,EIA-912,826,973,199,291,"1,029",220,809,"3,317"
04-Oct-19,EIA-912,854,"1,009",203,296,"1,054",229,825,"3,415"
11-Oct-19,EIA-912,880,"1,044",205,296,"1,093",246,847,"3,519"
18-Oct-19,EIA-912,898,"1,069",208,297,"1,134",268,866,"3,606"
25-Oct-19,EIA-912,913,"1,095",211,298,"1,178",293,885,"3,695"
01-Nov-19,EIA-912,932,"1,109",207,292,"1,189",303,886,"3,729"
08-Nov-19,EIA-912,932,"1,106",207,290,"1,197",313,884,"3,732"
15-Nov-19,EIA-912,909,"1,069",205,292,"1,164",299,864,"3,638"
22-Nov-19,EIA-912,894,"1,052",204,293,"1,166",303,863,"3,610"
29-Nov-19,EIA-912,891,"1,040",200,286,"1,174",316,858,"3,591"
06-Dec-19,EIA-912,867,"1,013",193,276,"1,168",321,847,"3,518"
13-Dec-19,EIA-912,838,973,186,273,"1,142",319,823,"3,411"
20-Dec-19,EIA-912,796,923,177,260,"1,094",309,786,"3,250"
27-Dec-19,EIA-912,771,905,173,251,"1,093",313,780,"3,192"
03-Jan-20,EIA-912,756,885,166,244,"1,097",323,774,"3,148"
10-Jan-20,EIA-912,716,851,161,235,"1,076",320,756,"3,039"
17-Jan-20,EIA-912,696,815,151,220,"1,065",328,737,"2,947"
24-Jan-20,EIA-912,638,761,143,210,995,297,698,"2,746"
31-Jan-20,EIA-912,598,725,136,210,941,281,660,"2,609"
07-Feb-20,EIA-912,569,694,126,202,903,269,634,"2,494"
14-Feb-20,EIA-912,527,639,117,198,861,257,605,"2,343"
21-Feb-20,EIA-912,484,591,108,196,821,244,578,"2,200"
28-Feb-20,EIA-912,451,558,101,197,784,229,555,"2,091"
06-Mar-20,EIA-912,426,529,97,200,791,235,556,"2,043"
13-Mar-20,EIA-912,412,512,96,199,814,247,568,"2,034"
20-Mar-20,EIA-912,398,492,92,194,829,258,571,"2,005"
27-Mar-20,EIA-912,382,476,92,197,840,256,585,"1,986"
03-Apr-20,EIA-912,382,475,92,203,872,265,607,"2,024"
10-Apr-20,EIA-912,400,487,95,203,912,286,626,"2,097"
17-Apr-20,EIA-912,400,493,96,210,941,301,640,"2,140"
24-Apr-20,EIA-912,405,506,103,218,979,314,664,"2,210"
01-May-20,EIA-912,424,530,111,228,"1,027",331,695,"2,319"
08-May-20,EIA-912,452,554,117,240,"1,059",340,719,"2,422"
15-May-20,EIA-912,469,576,124,253,"1,081",345,737,"2,503"
22-May-20,EIA-912,504,606,132,264,"1,105",348,757,"2,612"
29-May-20,EIA-912,536,634,140,273,"1,131",353,778,"2,714"
05-Jun-20,EIA-912,563,662,148,281,"1,153",357,797,"2,807"
12-Jun-20,EIA-912,586,688,156,290,"1,173",358,815,"2,892"
19-Jun-20,EIA-912,619,716,165,299,"1,212",372,840,"3,012"
26-Jun-20,EIA-912,639,740,173,304,"1,222",368,854,"3,077"
03-Jul-20,EIA-912,657,761,180,310,"1,226",364,862,"3,133"
10-Jul-20,EIA-912,672,780,186,312,"1,228",359,869,"3,178"
17-Jul-20,EIA-912,693,799,190,311,"1,221",349,872,"3,215"
24-Jul-20,EIA-912,706,815,196,313,"1,211",339,872,"3,241"
31-Jul-20,EIA-912,718,830,202,311,"1,214",336,878,"3,274"
07-Aug-20,EIA-912,738,856,206,314,"1,219",337,883,"3,332"
14-Aug-20,EIA-912,750,880,209,313,"1,223",335,888,"3,375"
21-Aug-20,EIA-912,775,904,212,306,"1,223",334,889,"3,420"
28-Aug-20,EIA-912,789,924,212,304,"1,225",331,895,"3,455"
04-Sep-20,EIA-912,805,953,216,308,"1,243",335,908,"3,525"
11-Sep-20,EIA-912,825,983,221,310,"1,276",349,927,"3,614"
18-Sep-20,EIA-912,851,"1,009",225,312,"1,283",349,934,"3,680"
25-Sep-20,EIA-912,872,"1,033",231,316,"1,304",358,945,"3,756"
02-Oct-20,EIA-912,893,"1,062",236,318,"1,322",366,955,"3,831"
09-Oct-20,EIA-912,908,"1,081",241,320,"1,326",366,960,"3,877"
16-Oct-20,EIA-912,923,"1,105",245,323,"1,329",360,969,"3,926"
23-Oct-20,EIA-912,941,"1,118",245,323,"1,329",360,968,"3,955"
30-Oct-20,EIA-912,947,"1,119",240,320,"1,293",348,945,"3,919"
06-Nov-20,EIA-912,942,"1,127",243,322,"1,293",345,948,"3,927"
13-Nov-20,EIA-912,953,"1,139",241,319,"1,306",350,956,"3,958"
20-Nov-20,EIA-912,934,"1,133",242,320,"1,312",356,956,"3,940"
27-Nov-20,EIA-912,934,"1,122",240,318,"1,326",368,958,"3,939"
04-Dec-20,EIA-912,915,"1,095",232,312,"1,294",361,933,"3,848"
11-Dec-20,EIA-912,881,"1,059",223,306,"1,256",348,908,"3,726"
18-Dec-20,EIA-912,844,"1,015",212,296,"1,207",337,870,"3,574"
25-Dec-20,EIA-912,810,973,204,289,"1,183",334,849,"3,460"
01-Jan-21,EIA-912,765,923,196,282,"1,163",333,830,"3,330"
08-Jan-21,EIA-912,726,879,188,278,"1,126",327,799,"3,196"
15-Jan-21,EIA-912,679,828,176,275,"1,051",296,755,"3,009"
22-Jan-21,EIA-912,641,780,170,275,"1,014",288,726,"2,881"
29-Jan-21,EIA-912,582,719,158,261,970,281,689,"2,689"
05-Feb-21,EIA-912,529,666,150,257,915,261,654,"2,518"
12-Feb-21,EIA-912,485,589,137,244,826,233,593,"2,281"
19-Feb-21,EIA-912,424,508,123,218,670,150,520,"1,943"
26-Feb-21,EIA-912,383,465,117,210,670,159,511,"1,845"
05-Mar-21,EIA-912,350,440,113,205,685,176,509,"1,793"
12-Mar-21,EIA-912,328,426,114,199,715,197,519,"1,782"
19-Mar-21,EIA-912,307,405,112,193,734,215,519,"1,750"
26-Mar-21,EIA-912,307,401,112,194,749,226,523,"1,764"
02-Apr-21,EIA-912,305,398,115,198,768,235,533,"1,784"
09-Apr-21,EIA-912,311,414,118,205,798,251,547,"1,845"
16-Apr-21,EIA-912,325,421,118,210,810,256,554,"1,883"
23-Apr-21,EIA-912,319,427,119,217,816,258,558,"1,898"
30-Apr-21,EIA-912,332,442,124,224,836,264,572,"1,958"
07-May-21,EIA-912,347,458,131,235,857,269,588,"2,029"
14-May-21,EIA-912,358,472,135,247,888,280,608,"2,100"
21-May-21,EIA-912,385,499,144,256,931,296,635,"2,215"
28-May-21,EIA-912,413,522,151,268,959,300,659,"2,313"
04-Jun-21,EIA-912,445,547,160,276,983,302,681,"2,411"
11-Jun-21,EIA-912,461,570,165,236,995,299,696,"2,427"
18-Jun-21,EIA-912,488,595,169,239,991,295,697,"2,482"
25-Jun-21,EIA-912,513,623,173,244,"1,005",296,709,"2,558"
02-Jul-21,EIA-912,521,638,177,246,991,286,705,"2,574"
09-Jul-21,EIA-912,543,662,180,250,995,283,712,"2,629"
16-Jul-21,EIA-912,562,683,183,247,"1,002",279,723,"2,678"
23-Jul-21,EIA-912,583,702,184,246,999,269,729,"2,714"
30-Jul-21,EIA-912,604,719,184,244,976,250,726,"2,727"
06-Aug-21,EIA-912,629,741,185,241,979,247,732,"2,776"
13-Aug-21,EIA-912,645,765,188,240,984,244,741,"2,822"
20-Aug-21,EIA-912,661,790,188,241,970,229,742,"2,851"
27-Aug-21,EIA-912,678,812,190,243,948,214,734,"2,871"
03-Sep-21,EIA-912,703,842,191,243,943,208,735,"2,923"
10-Sep-21,EIA-912,732,876,193,240,965,217,748,"3,006"
17-Sep-21,EIA-912,751,904,196,240,990,228,762,"3,082"
24-Sep-21,EIA-912,779,934,201,243,"1,013",239,774,"3,170"
01-Oct-21,EIA-912,810,971,206,248,"1,054",259,795,"3,288"
08-Oct-21,EIA-912,834,997,210,251,"1,079",269,810,"3,369"
15-Oct-21,EIA-912,862,"1,027",211,253,"1,108",283,825,"3,461"
22-Oct-21,EIA-912,885,"1,052",212,255,"1,144",304,840,"3,548"
29-Oct-21,EIA-912,899,"1,071",213,256,"1,172",320,852,"3,611"
05-Nov-21,EIA-912,897,"1,075",213,258,"1,175",324,850,"3,618"
12-Nov-21,EIA-912,900,"1,079",212,261,"1,191",331,860,"3,644"
19-Nov-21,EIA-912,889,"1,066",210,262,"1,197",338,859,"3,623"
26-Nov-21,EIA-912,867,"1,043",206,263,"1,185",335,851,"3,564"
03-Dec-21,EIA-912,843,"1,019",206,266,"1,171",328,842,"3,505"
10-Dec-21,EIA-912,818,982,199,261,"1,158",328,829,"3,417"
17-Dec-21,EIA-912,809,963,188,247,"1,155",334,820,"3,362"
24-Dec-21,EIA-912,777,918,180,235,"1,116",326,790,"3,226"
31-Dec-21,EIA-912,767,893,172,219,"1,143",347,796,"3,195"
07-Jan-22,EIA-912,730,835,159,204,"1,088",330,759,"3,016"
14-Jan-22,EIA-912,669,770,151,201,"1,019",308,711,"2,810"
21-Jan-22,EIA-912,609,701,143,201,938,279,658,"2,591"
28-Jan-22,EIA-912,541,616,133,196,837,231,606,"2,323"
04-Feb-22,EIA-912,485,552,121,181,763,207,556,"2,101"
11-Feb-22,EIA-912,435,496,114,177,689,173,516,"1,911"
18-Feb-22,EIA-912,396,450,105,176,655,168,487,"1,782"
25-Feb-22,EIA-912,358,404,96,164,620,163,457,"1,643"
04-Mar-22,EIA-912,317,364,93,162,582,151,431,"1,519"
11-Mar-22,EIA-912,290,337,87,155,571,159,412,"1,440"
18-Mar-22,EIA-912,268,318,87,157,559,156,404,"1,389"
25-Mar-22,EIA-912,268,317,89,161,581,169,412,"1,415"
01-Apr-22,EIA-912,241,296,91,165,589,173,416,"1,382"
08-Apr-22,EIA-912,229,293,90,169,617,186,431,"1,397"
15-Apr-22,EIA-912,238,304,89,169,650,201,449,"1,450"
22-Apr-22,EIA-912,238,309,90,171,681,215,467,"1,490"
29-Apr-22,EIA-912,253,324,92,176,721,233,489,"1,567"
06-May-22,EIA-912,274,342,96,183,749,241,507,"1,643"
13-May-22,EIA-912,296,364,103,187,781,251,531,"1,732"
20-May-22,EIA-912,325,394,109,193,798,252,547,"1,819"
27-May-22,EIA-912,345,426,113,200,817,248,569,"1,901"
03-Jun-22,EIA-912,376,454,118,211,843,251,593,"2,003"
10-Jun-22,EIA-912,407,482,122,221,863,251,612,"2,095"
17-Jun-22,EIA-912,430,506,128,231,875,248,628,"2,169"
24-Jun-22,EIA-912,461,535,134,235,886,242,644,"2,251"
01-Jul-22,EIA-912,482,562,138,240,890,233,657,"2,311"
08-Jul-22,EIA-912,501,586,143,249,890,221,669,"2,369"
15-Jul-22,EIA-912,521,608,144,253,874,206,669,"2,401"
22-Jul-22,EIA-912,532,625,144,253,862,195,667,"2,416"
29-Jul-22,EIA-912,549,643,147,253,865,195,671,"2,457"
05-Aug-22,EIA-912,564,663,148,252,874,193,681,"2,501"
12-Aug-22,EIA-912,571,684,151,248,866,185,681,"2,519"
19-Aug-22,EIA-912,598,714,153,243,871,184,687,"2,579"
26-Aug-22,EIA-912,614,747,157,241,881,185,696,"2,640"
02-Sep-22,EIA-912,635,776,159,238,887,182,705,"2,694"
09-Sep-22,EIA-912,661,809,163,235,904,187,717,"2,771"
16-Sep-22,EIA-912,690,844,168,237,935,199,736,"2,874"
23-Sep-22,EIA-912,721,879,176,243,958,204,754,"2,977"
30-Sep-22,EIA-912,756,916,184,247,"1,003",225,778,"3,106"
07-Oct-22,EIA-912,782,952,190,249,"1,058",253,804,"3,231"
14-Oct-22,EIA-912,812,987,195,249,"1,099",271,828,"3,342"
21-Oct-22,EIA-912,825,"1,007",199,248,"1,116",277,839,"3,394"
28-Oct-22,EIA-912,848,"1,042",204,247,"1,160",299,861,"3,501"
04-Nov-22,EIA-912,865,"1,068",208,247,"1,193",311,882,"3,580"
11-Nov-22,EIA-912,882,"1,084",208,241,"1,228",327,901,"3,644"
18-Nov-22,EIA-912,866,"1,063",203,232,"1,200",318,882,"3,564"
25-Nov-22,EIA-912,840,"1,040",197,226,"1,181",314,867,"3,483"
02-Dec-22,EIA-912,834,"1,028",193,217,"1,191",327,864,"3,462"
09-Dec-22,EIA-912,822,"1,002",186,203,"1,199",337,862,"3,412"
16-Dec-22,EIA-912,789,974,178,186,"1,199",340,858,"3,325"
23-Dec-22,EIA-912,747,899,166,165,"1,136",323,813,"3,112"
30-Dec-22,EIA-912,691,839,157,165,"1,040",270,770,"2,891"
06-Jan-23,EIA-912,700,823,153,160,"1,067",295,772,"2,902"
13-Jan-23,EIA-912,662,785,147,157,"1,069",307,762,"2,820"
20-Jan-23,EIA-912,622,754,140,150,"1,067",310,757,"2,734"
27-Jan-23,EIA-912,578,708,132,140,"1,025",297,728,"2,583"
03-Feb-23,EIA-912,529,641,120,124,951,271,680,"2,366"
10-Feb-23,EIA-912,498,601,114,122,931,262,670,"2,266"
17-Feb-23,EIA-912,479,575,106,108,926,262,664,"2,195"
24-Feb-23,EIA-912,451,544,99,99,922,261,661,"2,114"
03-Mar-23,EIA-912,416,515,92,81,925,261,664,"2,030"
10-Mar-23,EIA-912,391,490,87,72,933,266,667,"1,972"
17-Mar-23,EIA-912,355,461,84,72,927,262,664,"1,900"
24-Mar-23,EIA-912,343,437,82,73,917,262,655,"1,853"
31-Mar-23,EIA-912,335,421,80,73,921,263,658,"1,830"
07-Apr-23,EIA-912,345,427,80,74,929,261,667,"1,855"
14-Apr-23,EIA-912,363,450,84,83,949,266,684,"1,930"
21-Apr-23,EIA-912,390,468,90,90,971,275,695,"2,009"
28-Apr-23,EIA-912,410,481,95,100,977,278,699,"2,063"
05-May-23,EIA-912,422,497,104,114,"1,002",287,715,"2,141"
12-May-23,EIA-912,458,520,112,127,"1,023",290,734,"2,240"
19-May-23,EIA-912,489,546,120,139,"1,042",294,748,"2,336"
26-May-23,EIA-912,522,577,127,151,"1,070",304,766,"2,446"
02-Jun-23,EIA-912,552,604,137,164,"1,093",319,774,"2,550"
09-Jun-23,EIA-912,574,632,148,176,"1,105",324,781,"2,634"
16-Jun-23,EIA-912,599,658,157,191,"1,125",330,794,"2,729"
23-Jun-23,EIA-912,623,685,165,204,"1,128",330,798,"2,805"
30-Jun-23,EIA-912,643,705,173,216,"1,144",329,816,"2,881"
07-Jul-23,EIA-912,653,724,180,225,"1,147",323,824,"2,930"
14-Jul-23,EIA-912,661,741,186,232,"1,150",321,829,"2,971"
21-Jul-23,EIA-912,670,757,189,232,"1,139",310,829,"2,987"
28-Jul-23,EIA-912,680,775,191,230,"1,124",297,828,"3,001"
04-Aug-23,EIA-912,700,793,196,233,"1,108",284,824,"3,030"
11-Aug-23,EIA-912,717,812,202,240,"1,093",272,821,"3,065"
18-Aug-23,EIA-912,731,831,206,242,"1,072",260,813,"3,083"
25-Aug-23,EIA-912,751,853,213,248,"1,050",249,801,"3,115"
01-Sep-23,EIA-912,766,877,218,252,"1,035",241,795,"3,148"
08-Sep-23,EIA-912,775,904,225,260,"1,041",241,801,"3,205"
15-Sep-23,EIA-912,793,931,228,263,"1,053",242,811,"3,269"
22-Sep-23,EIA-912,821,962,234,271,"1,071",250,821,"3,359"
29-Sep-23,EIA-912,847,991,239,278,"1,090",259,830,"3,445"
06-Oct-23,EIA-912,874,"1,021",244,278,"1,112",267,845,"3,529"
13-Oct-23,EIA-912,896,"1,050",248,280,"1,152",285,868,"3,626"
20-Oct-23,EIA-912,908,"1,075",252,283,"1,182",299,883,"3,700"
27-Oct-23,EIA-912,925,"1,100",255,285,"1,214",313,901,"3,779"
03-Nov-23,EIA-912,924,"1,105",253,284,"1,206",313,893,"3,773"
10-Nov-23,EIA-912,931,"1,116",256,292,"1,238",332,906,"3,833"
17-Nov-23,EIA-912,918,"1,118",255,296,"1,240",331,909,"3,826"
24-Nov-23,EIA-912,915,"1,111",252,298,"1,260",343,917,"3,836"
01-Dec-23,EIA-912,876,"1,082",245,289,"1,228",334,894,"3,719"
08-Dec-23,EIA-912,857,"1,055",243,289,"1,219",336,883,"3,664"
15-Dec-23,EIA-912,834,"1,021",236,283,"1,203",331,872,"3,577"
22-Dec-23,EIA-912,805,985,232,280,"1,187",329,858,"3,490"
29-Dec-23,EIA-912,799,968,228,280,"1,201",344,857,"3,476"
05-Jan-24,EIA-912,757,924,220,275,"1,160",332,828,"3,336"
12-Jan-24,EIA-912,715,873,208,257,"1,128",332,796,"3,182"
19-Jan-24,EIA-912,657,788,194,228,990,269,721,"2,856"
26-Jan-24,EIA-912,605,727,185,223,919,248,672,"2,659"
02-Feb-24,EIA-912,568,689,183,228,916,257,659,"2,584"
09-Feb-24,EIA-912,532,662,178,222,936,271,665,"2,530"
16-Feb-24,EIA-912,505,631,173,217,944,278,666,"2,470"
23-Feb-24,EIA-912,453,600,169,217,935,275,660,"2,374"
01-Mar-24,EIA-912,422,575,169,219,949,285,664,"2,334"
08-Mar-24,EIA-912,412,561,167,213,972,294,678,"2,325"
15-Mar-24,EIA-912,406,551,166,216,993,300,694,"2,332"
22-Mar-24,EIA-912,387,528,166,223,991,294,698,"2,296"
29-Mar-24,EIA-912,363,510,162,227,996,294,701,"2,259"
05-Apr-24,EIA-912,362,512,165,229,"1,014",299,714,"2,283"
12-Apr-24,EIA-912,379,528,167,230,"1,029",300,729,"2,333"
19-Apr-24,EIA-912,408,551,173,235,"1,057",309,749,"2,425"
26-Apr-24,EIA-912,425,564,182,240,"1,073",314,759,"2,484"
03-May-24,EIA-912,454,590,191,246,"1,087",314,773,"2,569"
10-May-24,EIA-912,482,613,196,252,"1,097",313,784,"2,640"
17-May-24,EIA-912,511,635,202,259,"1,112",319,793,"2,719"
24-May-24,EIA-912,538,661,210,267,"1,129",325,804,"2,804"
31-May-24,EIA-912,575,688,218,273,"1,146",330,817,"2,900"
07-Jun-24,EIA-912,603,712,224,276,"1,159",336,823,"2,974"
14-Jun-24,EIA-912,631,736,230,279,"1,168",337,831,"3,045"
21-Jun-24,EIA-912,646,758,236,283,"1,178",334,845,"3,102"
28-Jun-24,EIA-912,660,779,239,282,"1,174",326,848,"3,134"
05-Jul-24,EIA-912,682,800,245,289,"1,183",327,856,"3,199"
12-Jul-24,EIA-912,686,814,248,289,"1,173",318,855,"3,209"
19-Jul-24,EIA-912,697,827,251,289,"1,167",313,854,"3,231"
26-Jul-24,EIA-912,711,842,253,286,"1,157",307,851,"3,249"
02-Aug-24,EIA-912,719,854,257,289,"1,152",300,851,"3,270"
09-Aug-24,EIA-912,723,869,260,287,"1,125",286,839,"3,264"
16-Aug-24,EIA-912,735,888,263,288,"1,125",280,845,"3,299"
23-Aug-24,EIA-912,754,909,266,287,"1,119",272,847,"3,334"
30-Aug-24,EIA-912,761,922,270,289,"1,105",267,838,"3,347"
06-Sep-24,EIA-912,780,950,273,285,"1,098",266,832,"3,387"
13-Sep-24,EIA-912,802,973,275,283,"1,111",271,840,"3,445"
20-Sep-24,EIA-912,818,993,279,289,"1,113",264,849,"3,493"
27-Sep-24,EIA-912,846,"1,012",283,294,"1,113",260,853,"3,548"
04-Oct-24,EIA-912,873,"1,041",286,293,"1,136",274,862,"3,630"
11-Oct-24,EIA-912,893,"1,067",287,294,"1,166",292,874,"3,706"
18-Oct-24,EIA-912,901,"1,086",291,302,"1,205",312,893,"3,785"
25-Oct-24,EIA-912,920,"1,107",291,306,"1,240",328,911,"3,864"
01-Nov-24,EIA-912,934,"1,128",291,310,"1,267",339,929,"3,931"
08-Nov-24,EIA-912,943,"1,141",291,312,"1,285",346,939,"3,972"
15-Nov-24,EIA-912,931,"1,140",293,313,"1,291",347,944,"3,969"
22-Nov-24,EIA-912,929,"1,134",292,310,"1,301",353,948,"3,967"
29-Nov-24,EIA-912,914,"1,115",289,310,"1,310",362,948,"3,937"
06-Dec-24,EIA-912,856,"1,055",282,302,"1,251",340,911,"3,747"
13-Dec-24,EIA-912,822,"1,007",274,296,"1,222",338,884,"3,622"
20-Dec-24,EIA-912,792,960,267,293,"1,217",349,868,"3,529"
27-Dec-24,EIA-912,745,914,262,295,"1,197",349,848,"3,413"
03-Jan-25,EIA-912,737,881,255,293,"1,207",364,844,"3,373"
10-Jan-25,EIA-912,669,808,240,283,"1,114",326,788,"3,115"
17-Jan-25,EIA-912,613,744,229,269,"1,037",297,739,"2,892"
24-Jan-25,EIA-912,552,661,212,246,901,229,672,"2,571"
31-Jan-25,EIA-912,507,605,200,230,854,217,638,"2,397"
07-Feb-25,EIA-912,468,559,193,224,853,229,624,"2,297"
14-Feb-25,EIA-912,419,494,182,208,799,214,585,"2,101"
21-Feb-25,EIA-912,362,424,168,198,688,159,528,"1,840"
28-Feb-25,EIA-912,340,396,166,199,658,150,509,"1,760"
07-Mar-25,EIA-912,307,370,165,196,660,161,499,"1,698"
14-Mar-25,EIA-912,295,366,165,193,688,181,508,"1,707"
21-Mar-25,EIA-912,298,367,163,192,725,202,523,"1,744"
28-Mar-25,EIA-912,284,364,165,202,758,218,540,"1,773"
04-Apr-25,EIA-912,296,373,165,206,789,233,557,"1,830"
11-Apr-25,EIA-912,290,373,166,213,804,242,562,"1,846"
18-Apr-25,EIA-912,295,396,171,221,851,266,585,"1,934"
25-Apr-25,EIA-912,331,425,174,226,885,281,605,"2,041"
02-May-25,EIA-912,362,454,180,232,917,293,624,"2,145"
09-May-25,EIA-912,396,480,185,237,957,308,648,"2,255"
16-May-25,EIA-912,432,512,192,244,996,321,674,"2,375"
23-May-25,EIA-912,462,541,198,254,"1,021",328,693,"2,476"
30-May-25,EIA-912,498,579,205,261,"1,055",340,715,"2,598"
06-Jun-25,EIA-912,531,608,210,266,"1,091",351,740,"2,707"
13-Jun-25,EIA-912,563,638,216,274,"1,111",350,761,"2,802"
20-Jun-25,EIA-912,589,665,223,281,"1,140",352,788,"2,898"
27-Jun-25,EIA-912,602,688,228,287,"1,148",342,806,"2,953"
04-Jul-25,EIA-912,616,710,231,291,"1,158",339,819,"3,006"
11-Jul-25,EIA-912,628,730,235,295,"1,164",335,829,"3,052"
18-Jul-25,EIA-912,634,746,239,297,"1,159",325,834,"3,075"
25-Jul-25,EIA-912,651,765,243,302,"1,162",316,846,"3,123"
01-Aug-25,EIA-912,656,775,249,305,"1,145",296,849,"3,130"
08-Aug-25,EIA-912,677,796,253,305,"1,154",295,859,"3,186"
15-Aug-25,EIA-912,690,812,255,301,"1,141",282,859,"3,199"
22-Aug-25,EIA-912,707,832,254,298,"1,125",272,853,"3,217"
29-Aug-25,EIA-912,735,860,254,294,"1,129",273,856,"3,272"
05-Sep-25,EIA-912,757,890,257,293,"1,145",282,863,"3,343"
12-Sep-25,EIA-912,781,920,261,297,"1,174",294,879,"3,433"
19-Sep-25,EIA-912,807,945,266,300,"1,190",299,890,"3,508"
26-Sep-25,EIA-912,832,972,269,302,"1,186",292,894,"3,561"
03-Oct-25,EIA-912,860,"1,001",275,304,"1,201",295,906,"3,641"
10-Oct-25,EIA-912,883,"1,031",279,307,"1,221",303,918,"3,721"
17-Oct-25,EIA-912,899,"1,060",282,311,"1,255",320,935,"3,808"
24-Oct-25,EIA-912,913,"1,085",286,316,"1,282",336,947,"3,882"
31-Oct-25,EIA-912,909,"1,105",288,318,"1,296",341,955,"3,915"
07-Nov-25,EIA-912,914,"1,117",290,321,"1,318",353,965,"3,960"
14-Nov-25,EIA-912,905,"1,112",292,322,"1,316",352,963,"3,946"
21-Nov-25,EIA-912,892,"1,103",292,319,"1,329",360,969,"3,935"
28-Nov-25,EIA-912,888,"1,088",288,315,"1,345",371,974,"3,923"
05-Dec-25,EIA-912,843,"1,030",277,306,"1,290",354,936,"3,746"
12-Dec-25,EIA-912,797,966,271,304,"1,242",338,903,"3,579"
19-Dec-25,EIA-912,751,904,266,303,"1,190",323,867,"3,413"
26-Dec-25,EIA-912,736,865,264,307,"1,203",343,859,"3,375"
02-Jan-26,EIA-912,697,821,256,304,"1,178",343,835,"3,256"
